{
  "metadata": {
    "username": "Daniel",
    "timestamp": "20260123232642",
    "datetime": "2026-01-23 23:26:42",
    "filename": "Daniel_20260123232642.json"
  },
  "parameters": {
    "target_cd": 45,
    "tolerance": 10,
    "filename": "lithography_data.csv"
  },
  "analysis_results": {
    "cd_statistics": {
      "max": 51.619937486243366,
      "mean": 45.92735148430896,
      "min": 41.42570672083277,
      "range": 10.194230765410595,
      "std": 2.3044835254803653
    },
    "data_summary": {
      "defocus_range": {
        "max": 0.4,
        "min": -0.4
      },
      "dose_range": {
        "max": 26,
        "min": 18
      },
      "total_points": 153,
      "unique_defocus": 17,
      "unique_doses": 9
    },
    "process_window": {
      "dof": 0.8,
      "el": 8,
      "in_spec_points": 144,
      "optimal_dose": 22,
      "optimal_focus": 0,
      "total_points": 153,
      "yield_percent": 94.11764705882352
    },
    "specifications": {
      "cd_max": 49.50000000000001,
      "cd_min": 40.5,
      "target_cd": 45,
      "tolerance": 4.5,
      "tolerance_percent": 10
    }
  },
  "chart_data": {
    "advanced_metrics": {
      "best_focus_vs_dose": [
        {
          "best_focus": -0.05259660040085271,
          "dose": 18
        },
        {
          "best_focus": -0.06788827946384283,
          "dose": 19
        },
        {
          "best_focus": -0.06553664121980496,
          "dose": 20
        },
        {
          "best_focus": -0.05019087237817843,
          "dose": 21
        },
        {
          "best_focus": -0.07471714659746419,
          "dose": 22
        },
        {
          "best_focus": -0.074043802561349,
          "dose": 23
        },
        {
          "best_focus": -0.05929814341913406,
          "dose": 24
        },
        {
          "best_focus": -0.06135032767984969,
          "dose": 25
        },
        {
          "best_focus": -0.05506345575457518,
          "dose": 26
        }
      ],
      "cd_at_best_focus": [
        {
          "cd": 41.7521930711751,
          "dose": 18
        },
        {
          "cd": 42.65698835046112,
          "dose": 19
        },
        {
          "cd": 43.40914413142231,
          "dose": 20
        },
        {
          "cd": 44.00713887505,
          "dose": 21
        },
        {
          "cd": 44.91159662502948,
          "dose": 22
        },
        {
          "cd": 45.671973328718856,
          "dose": 23
        },
        {
          "cd": 46.61395713130136,
          "dose": 24
        },
        {
          "cd": 47.366707703482106,
          "dose": 25
        },
        {
          "cd": 48.26986448724998,
          "dose": 26
        }
      ],
      "curvature_vs_dose": [
        {
          "curvature": 15.666245402961263,
          "dose": 18
        },
        {
          "curvature": 14.609991545908615,
          "dose": 19
        },
        {
          "curvature": 13.107677428360441,
          "dose": 20
        },
        {
          "curvature": 16.330282851225533,
          "dose": 21
        },
        {
          "curvature": 15.793997492708877,
          "dose": 22
        },
        {
          "curvature": 16.149111921945142,
          "dose": 23
        },
        {
          "curvature": 13.928478955802367,
          "dose": 24
        },
        {
          "curvature": 15.265745112279543,
          "dose": 25
        },
        {
          "curvature": 14.980547226390255,
          "dose": 26
        }
      ],
      "model_fit_quality": [
        {
          "dose": 18,
          "r_squared": 0.9133204021969378
        },
        {
          "dose": 19,
          "r_squared": 0.9589111353026937
        },
        {
          "dose": 20,
          "r_squared": 0.8913008785602629
        },
        {
          "dose": 21,
          "r_squared": 0.929405117146237
        },
        {
          "dose": 22,
          "r_squared": 0.9231757337625182
        },
        {
          "dose": 23,
          "r_squared": 0.9433506475483183
        },
        {
          "dose": 24,
          "r_squared": 0.8976445065027463
        },
        {
          "dose": 25,
          "r_squared": 0.9381466736368058
        },
        {
          "dose": 26,
          "r_squared": 0.8435578133754957
        }
      ]
    },
    "bossung_curves": [
      {
        "cd": 43.62843705414989,
        "defocus": -0.4,
        "dose": 18,
        "dose_label": "18.0 mJ/cm²"
      },
      {
        "cd": 42.81336132668035,
        "defocus": -0.35,
        "dose": 18,
        "dose_label": "18.0 mJ/cm²"
      },
      {
        "cd": 43.065596900290856,
        "defocus": -0.3,
        "dose": 18,
        "dose_label": "18.0 mJ/cm²"
      },
      {
        "cd": 41.99896525279984,
        "defocus": -0.25,
        "dose": 18,
        "dose_label": "18.0 mJ/cm²"
      },
      {
        "cd": 42.67843179508122,
        "defocus": -0.2,
        "dose": 18,
        "dose_label": "18.0 mJ/cm²"
      },
      {
        "cd": 41.84035991146794,
        "defocus": -0.15,
        "dose": 18,
        "dose_label": "18.0 mJ/cm²"
      },
      {
        "cd": 41.945403687826136,
        "defocus": -0.0999999999999999,
        "dose": 18,
        "dose_label": "18.0 mJ/cm²"
      },
      {
        "cd": 41.89996723485961,
        "defocus": -0.0499999999999999,
        "dose": 18,
        "dose_label": "18.0 mJ/cm²"
      },
      {
        "cd": 41.42570672083277,
        "defocus": 0,
        "dose": 18,
        "dose_label": "18.0 mJ/cm²"
      },
      {
        "cd": 41.55163380637936,
        "defocus": 0.0499999999999999,
        "dose": 18,
        "dose_label": "18.0 mJ/cm²"
      },
      {
        "cd": 42.297318690624806,
        "defocus": 0.0999999999999999,
        "dose": 18,
        "dose_label": "18.0 mJ/cm²"
      },
      {
        "cd": 42.27981747570946,
        "defocus": 0.15,
        "dose": 18,
        "dose_label": "18.0 mJ/cm²"
      },
      {
        "cd": 42.73774637718735,
        "defocus": 0.2,
        "dose": 18,
        "dose_label": "18.0 mJ/cm²"
      },
      {
        "cd": 43.31104522360626,
        "defocus": 0.25,
        "dose": 18,
        "dose_label": "18.0 mJ/cm²"
      },
      {
        "cd": 44.04533140190766,
        "defocus": 0.3,
        "dose": 18,
        "dose_label": "18.0 mJ/cm²"
      },
      {
        "cd": 43.88602072694846,
        "defocus": 0.35,
        "dose": 18,
        "dose_label": "18.0 mJ/cm²"
      },
      {
        "cd": 45.09847428863846,
        "defocus": 0.4,
        "dose": 18,
        "dose_label": "18.0 mJ/cm²"
      },
      {
        "cd": 44.17254940157556,
        "defocus": -0.4,
        "dose": 19,
        "dose_label": "19.0 mJ/cm²"
      },
      {
        "cd": 43.9409485078784,
        "defocus": -0.35,
        "dose": 19,
        "dose_label": "19.0 mJ/cm²"
      },
      {
        "cd": 43.39035395608118,
        "defocus": -0.3,
        "dose": 19,
        "dose_label": "19.0 mJ/cm²"
      },
      {
        "cd": 43.39355336035384,
        "defocus": -0.25,
        "dose": 19,
        "dose_label": "19.0 mJ/cm²"
      },
      {
        "cd": 42.72723310165836,
        "defocus": -0.2,
        "dose": 19,
        "dose_label": "19.0 mJ/cm²"
      },
      {
        "cd": 43.08284934075661,
        "defocus": -0.15,
        "dose": 19,
        "dose_label": "19.0 mJ/cm²"
      },
      {
        "cd": 42.19956607055529,
        "defocus": -0.0999999999999999,
        "dose": 19,
        "dose_label": "19.0 mJ/cm²"
      },
      {
        "cd": 42.73334674236506,
        "defocus": -0.0499999999999999,
        "dose": 19,
        "dose_label": "19.0 mJ/cm²"
      },
      {
        "cd": 42.57979951024961,
        "defocus": 0,
        "dose": 19,
        "dose_label": "19.0 mJ/cm²"
      },
      {
        "cd": 42.83564440257069,
        "defocus": 0.0499999999999999,
        "dose": 19,
        "dose_label": "19.0 mJ/cm²"
      },
      {
        "cd": 43.11115196505854,
        "defocus": 0.0999999999999999,
        "dose": 19,
        "dose_label": "19.0 mJ/cm²"
      },
      {
        "cd": 43.262568033286094,
        "defocus": 0.15,
        "dose": 19,
        "dose_label": "19.0 mJ/cm²"
      },
      {
        "cd": 43.939683585348334,
        "defocus": 0.2,
        "dose": 19,
        "dose_label": "19.0 mJ/cm²"
      },
      {
        "cd": 44.18805546626672,
        "defocus": 0.25,
        "dose": 19,
        "dose_label": "19.0 mJ/cm²"
      },
      {
        "cd": 44.754890126259376,
        "defocus": 0.3,
        "dose": 19,
        "dose_label": "19.0 mJ/cm²"
      },
      {
        "cd": 45.26768696680264,
        "defocus": 0.35,
        "dose": 19,
        "dose_label": "19.0 mJ/cm²"
      },
      {
        "cd": 45.63580438322548,
        "defocus": 0.4,
        "dose": 19,
        "dose_label": "19.0 mJ/cm²"
      },
      {
        "cd": 44.696373468542646,
        "defocus": -0.4,
        "dose": 20,
        "dose_label": "20.0 mJ/cm²"
      },
      {
        "cd": 44.49233679318271,
        "defocus": -0.35,
        "dose": 20,
        "dose_label": "20.0 mJ/cm²"
      },
      {
        "cd": 44.31667411429409,
        "defocus": -0.3,
        "dose": 20,
        "dose_label": "20.0 mJ/cm²"
      },
      {
        "cd": 44.372865820374486,
        "defocus": -0.25,
        "dose": 20,
        "dose_label": "20.0 mJ/cm²"
      },
      {
        "cd": 43.75474264791964,
        "defocus": -0.2,
        "dose": 20,
        "dose_label": "20.0 mJ/cm²"
      },
      {
        "cd": 42.68857940714923,
        "defocus": -0.15,
        "dose": 20,
        "dose_label": "20.0 mJ/cm²"
      },
      {
        "cd": 43.24797184892433,
        "defocus": -0.0999999999999999,
        "dose": 20,
        "dose_label": "20.0 mJ/cm²"
      },
      {
        "cd": 43.321596292674265,
        "defocus": -0.0499999999999999,
        "dose": 20,
        "dose_label": "20.0 mJ/cm²"
      },
      {
        "cd": 43.81003017226772,
        "defocus": 0,
        "dose": 20,
        "dose_label": "20.0 mJ/cm²"
      },
      {
        "cd": 43.693666516791104,
        "defocus": 0.0499999999999999,
        "dose": 20,
        "dose_label": "20.0 mJ/cm²"
      },
      {
        "cd": 43.53739262972206,
        "defocus": 0.0999999999999999,
        "dose": 20,
        "dose_label": "20.0 mJ/cm²"
      },
      {
        "cd": 44.16416285442744,
        "defocus": 0.15,
        "dose": 20,
        "dose_label": "20.0 mJ/cm²"
      },
      {
        "cd": 44.42397099251597,
        "defocus": 0.2,
        "dose": 20,
        "dose_label": "20.0 mJ/cm²"
      },
      {
        "cd": 44.64091164606924,
        "defocus": 0.25,
        "dose": 20,
        "dose_label": "20.0 mJ/cm²"
      },
      {
        "cd": 45.44415581144862,
        "defocus": 0.3,
        "dose": 20,
        "dose_label": "20.0 mJ/cm²"
      },
      {
        "cd": 45.50914275321389,
        "defocus": 0.35,
        "dose": 20,
        "dose_label": "20.0 mJ/cm²"
      },
      {
        "cd": 46.16777594966782,
        "defocus": 0.4,
        "dose": 20,
        "dose_label": "20.0 mJ/cm²"
      },
      {
        "cd": 46.11322309513017,
        "defocus": -0.4,
        "dose": 21,
        "dose_label": "21.0 mJ/cm²"
      },
      {
        "cd": 45.698827164051536,
        "defocus": -0.35,
        "dose": 21,
        "dose_label": "21.0 mJ/cm²"
      },
      {
        "cd": 44.734517948668056,
        "defocus": -0.3,
        "dose": 21,
        "dose_label": "21.0 mJ/cm²"
      },
      {
        "cd": 44.36657768716119,
        "defocus": -0.25,
        "dose": 21,
        "dose_label": "21.0 mJ/cm²"
      },
      {
        "cd": 44.27907369916116,
        "defocus": -0.2,
        "dose": 21,
        "dose_label": "21.0 mJ/cm²"
      },
      {
        "cd": 43.96840021761849,
        "defocus": -0.15,
        "dose": 21,
        "dose_label": "21.0 mJ/cm²"
      },
      {
        "cd": 44.49182623182938,
        "defocus": -0.0999999999999999,
        "dose": 21,
        "dose_label": "21.0 mJ/cm²"
      },
      {
        "cd": 44.06292078801547,
        "defocus": -0.0499999999999999,
        "dose": 21,
        "dose_label": "21.0 mJ/cm²"
      },
      {
        "cd": 44.4953603364821,
        "defocus": 0,
        "dose": 21,
        "dose_label": "21.0 mJ/cm²"
      },
      {
        "cd": 43.837087165025984,
        "defocus": 0.0499999999999999,
        "dose": 21,
        "dose_label": "21.0 mJ/cm²"
      },
      {
        "cd": 44.71452434118973,
        "defocus": 0.0999999999999999,
        "dose": 21,
        "dose_label": "21.0 mJ/cm²"
      },
      {
        "cd": 44.72793496107074,
        "defocus": 0.15,
        "dose": 21,
        "dose_label": "21.0 mJ/cm²"
      },
      {
        "cd": 44.67311448935531,
        "defocus": 0.2,
        "dose": 21,
        "dose_label": "21.0 mJ/cm²"
      },
      {
        "cd": 45.26122855879348,
        "defocus": 0.25,
        "dose": 21,
        "dose_label": "21.0 mJ/cm²"
      },
      {
        "cd": 45.79255770411826,
        "defocus": 0.3,
        "dose": 21,
        "dose_label": "21.0 mJ/cm²"
      },
      {
        "cd": 46.74065886904199,
        "defocus": 0.35,
        "dose": 21,
        "dose_label": "21.0 mJ/cm²"
      },
      {
        "cd": 47.51976216257106,
        "defocus": 0.4,
        "dose": 21,
        "dose_label": "21.0 mJ/cm²"
      },
      {
        "cd": 46.92797373689637,
        "defocus": -0.4,
        "dose": 22,
        "dose_label": "22.0 mJ/cm²"
      },
      {
        "cd": 45.52635363649724,
        "defocus": -0.35,
        "dose": 22,
        "dose_label": "22.0 mJ/cm²"
      },
      {
        "cd": 45.74409983768854,
        "defocus": -0.3,
        "dose": 22,
        "dose_label": "22.0 mJ/cm²"
      },
      {
        "cd": 45.40491620345591,
        "defocus": -0.25,
        "dose": 22,
        "dose_label": "22.0 mJ/cm²"
      },
      {
        "cd": 45.1476568089191,
        "defocus": -0.2,
        "dose": 22,
        "dose_label": "22.0 mJ/cm²"
      },
      {
        "cd": 45.24426168327376,
        "defocus": -0.15,
        "dose": 22,
        "dose_label": "22.0 mJ/cm²"
      },
      {
        "cd": 44.97910603192581,
        "defocus": -0.0999999999999999,
        "dose": 22,
        "dose_label": "22.0 mJ/cm²"
      },
      {
        "cd": 45.12575414409285,
        "defocus": -0.0499999999999999,
        "dose": 22,
        "dose_label": "22.0 mJ/cm²"
      },
      {
        "cd": 44.71616464148165,
        "defocus": 0,
        "dose": 22,
        "dose_label": "22.0 mJ/cm²"
      },
      {
        "cd": 45.18415129858131,
        "defocus": 0.0499999999999999,
        "dose": 22,
        "dose_label": "22.0 mJ/cm²"
      },
      {
        "cd": 45.34365187547181,
        "defocus": 0.0999999999999999,
        "dose": 22,
        "dose_label": "22.0 mJ/cm²"
      },
      {
        "cd": 46.252147429012894,
        "defocus": 0.15,
        "dose": 22,
        "dose_label": "22.0 mJ/cm²"
      },
      {
        "cd": 45.77903407567823,
        "defocus": 0.2,
        "dose": 22,
        "dose_label": "22.0 mJ/cm²"
      },
      {
        "cd": 46.04950159179143,
        "defocus": 0.25,
        "dose": 22,
        "dose_label": "22.0 mJ/cm²"
      },
      {
        "cd": 47.07068393202012,
        "defocus": 0.3,
        "dose": 22,
        "dose_label": "22.0 mJ/cm²"
      },
      {
        "cd": 48.14740609703614,
        "defocus": 0.35,
        "dose": 22,
        "dose_label": "22.0 mJ/cm²"
      },
      {
        "cd": 48.46308770181904,
        "defocus": 0.4,
        "dose": 22,
        "dose_label": "22.0 mJ/cm²"
      },
      {
        "cd": 47.01382609269906,
        "defocus": -0.4,
        "dose": 23,
        "dose_label": "23.0 mJ/cm²"
      },
      {
        "cd": 46.81856928898927,
        "defocus": -0.35,
        "dose": 23,
        "dose_label": "23.0 mJ/cm²"
      },
      {
        "cd": 46.93256293721715,
        "defocus": -0.3,
        "dose": 23,
        "dose_label": "23.0 mJ/cm²"
      },
      {
        "cd": 46.33225191067003,
        "defocus": -0.25,
        "dose": 23,
        "dose_label": "23.0 mJ/cm²"
      },
      {
        "cd": 46.33822545333962,
        "defocus": -0.2,
        "dose": 23,
        "dose_label": "23.0 mJ/cm²"
      },
      {
        "cd": 45.49600557912411,
        "defocus": -0.15,
        "dose": 23,
        "dose_label": "23.0 mJ/cm²"
      },
      {
        "cd": 45.63353932705091,
        "defocus": -0.0999999999999999,
        "dose": 23,
        "dose_label": "23.0 mJ/cm²"
      },
      {
        "cd": 45.430053322110695,
        "defocus": -0.0499999999999999,
        "dose": 23,
        "dose_label": "23.0 mJ/cm²"
      },
      {
        "cd": 45.74545677539326,
        "defocus": 0,
        "dose": 23,
        "dose_label": "23.0 mJ/cm²"
      },
      {
        "cd": 46.07171706051928,
        "defocus": 0.0499999999999999,
        "dose": 23,
        "dose_label": "23.0 mJ/cm²"
      },
      {
        "cd": 46.32357374559154,
        "defocus": 0.0999999999999999,
        "dose": 23,
        "dose_label": "23.0 mJ/cm²"
      },
      {
        "cd": 46.13805192036128,
        "defocus": 0.15,
        "dose": 23,
        "dose_label": "23.0 mJ/cm²"
      },
      {
        "cd": 46.70044302065735,
        "defocus": 0.2,
        "dose": 23,
        "dose_label": "23.0 mJ/cm²"
      },
      {
        "cd": 47.19547181738484,
        "defocus": 0.25,
        "dose": 23,
        "dose_label": "23.0 mJ/cm²"
      },
      {
        "cd": 48.234709297950666,
        "defocus": 0.3,
        "dose": 23,
        "dose_label": "23.0 mJ/cm²"
      },
      {
        "cd": 48.869398718702286,
        "defocus": 0.35,
        "dose": 23,
        "dose_label": "23.0 mJ/cm²"
      },
      {
        "cd": 49.12691788374457,
        "defocus": 0.4,
        "dose": 23,
        "dose_label": "23.0 mJ/cm²"
      },
      {
        "cd": 48.09618474616727,
        "defocus": -0.4,
        "dose": 24,
        "dose_label": "24.0 mJ/cm²"
      },
      {
        "cd": 47.64046765657048,
        "defocus": -0.35,
        "dose": 24,
        "dose_label": "24.0 mJ/cm²"
      },
      {
        "cd": 47.43910299227904,
        "defocus": -0.3,
        "dose": 24,
        "dose_label": "24.0 mJ/cm²"
      },
      {
        "cd": 47.09430496701784,
        "defocus": -0.25,
        "dose": 24,
        "dose_label": "24.0 mJ/cm²"
      },
      {
        "cd": 47.45236308080616,
        "defocus": -0.2,
        "dose": 24,
        "dose_label": "24.0 mJ/cm²"
      },
      {
        "cd": 47.161279100662384,
        "defocus": -0.15,
        "dose": 24,
        "dose_label": "24.0 mJ/cm²"
      },
      {
        "cd": 46.4223984665384,
        "defocus": -0.0999999999999999,
        "dose": 24,
        "dose_label": "24.0 mJ/cm²"
      },
      {
        "cd": 46.60974737793179,
        "defocus": -0.0499999999999999,
        "dose": 24,
        "dose_label": "24.0 mJ/cm²"
      },
      {
        "cd": 46.05216502895866,
        "defocus": 0,
        "dose": 24,
        "dose_label": "24.0 mJ/cm²"
      },
      {
        "cd": 46.59524617571165,
        "defocus": 0.0499999999999999,
        "dose": 24,
        "dose_label": "24.0 mJ/cm²"
      },
      {
        "cd": 46.73911814550273,
        "defocus": 0.0999999999999999,
        "dose": 24,
        "dose_label": "24.0 mJ/cm²"
      },
      {
        "cd": 47.75996898961337,
        "defocus": 0.15,
        "dose": 24,
        "dose_label": "24.0 mJ/cm²"
      },
      {
        "cd": 47.68616697150542,
        "defocus": 0.2,
        "dose": 24,
        "dose_label": "24.0 mJ/cm²"
      },
      {
        "cd": 47.77246513685712,
        "defocus": 0.25,
        "dose": 24,
        "dose_label": "24.0 mJ/cm²"
      },
      {
        "cd": 48.43593060110229,
        "defocus": 0.3,
        "dose": 24,
        "dose_label": "24.0 mJ/cm²"
      },
      {
        "cd": 48.93123376807514,
        "defocus": 0.35,
        "dose": 24,
        "dose_label": "24.0 mJ/cm²"
      },
      {
        "cd": 49.58877349331716,
        "defocus": 0.4,
        "dose": 24,
        "dose_label": "24.0 mJ/cm²"
      },
      {
        "cd": 49.076955968599975,
        "defocus": -0.4,
        "dose": 25,
        "dose_label": "25.0 mJ/cm²"
      },
      {
        "cd": 49.03667313012148,
        "defocus": -0.35,
        "dose": 25,
        "dose_label": "25.0 mJ/cm²"
      },
      {
        "cd": 48.03260129946816,
        "defocus": -0.3,
        "dose": 25,
        "dose_label": "25.0 mJ/cm²"
      },
      {
        "cd": 47.56697398947185,
        "defocus": -0.25,
        "dose": 25,
        "dose_label": "25.0 mJ/cm²"
      },
      {
        "cd": 47.70393806428524,
        "defocus": -0.2,
        "dose": 25,
        "dose_label": "25.0 mJ/cm²"
      },
      {
        "cd": 47.77925106176952,
        "defocus": -0.15,
        "dose": 25,
        "dose_label": "25.0 mJ/cm²"
      },
      {
        "cd": 47.47204369030392,
        "defocus": -0.0999999999999999,
        "dose": 25,
        "dose_label": "25.0 mJ/cm²"
      },
      {
        "cd": 46.96261270888368,
        "defocus": -0.0499999999999999,
        "dose": 25,
        "dose_label": "25.0 mJ/cm²"
      },
      {
        "cd": 47.3415887379321,
        "defocus": 0,
        "dose": 25,
        "dose_label": "25.0 mJ/cm²"
      },
      {
        "cd": 47.379044343646335,
        "defocus": 0.0499999999999999,
        "dose": 25,
        "dose_label": "25.0 mJ/cm²"
      },
      {
        "cd": 48.0386569770823,
        "defocus": 0.0999999999999999,
        "dose": 25,
        "dose_label": "25.0 mJ/cm²"
      },
      {
        "cd": 48.13452116436918,
        "defocus": 0.15,
        "dose": 25,
        "dose_label": "25.0 mJ/cm²"
      },
      {
        "cd": 48.51604352586174,
        "defocus": 0.2,
        "dose": 25,
        "dose_label": "25.0 mJ/cm²"
      },
      {
        "cd": 48.99539730848527,
        "defocus": 0.25,
        "dose": 25,
        "dose_label": "25.0 mJ/cm²"
      },
      {
        "cd": 49.59061769283352,
        "defocus": 0.3,
        "dose": 25,
        "dose_label": "25.0 mJ/cm²"
      },
      {
        "cd": 49.5098427942546,
        "defocus": 0.35,
        "dose": 25,
        "dose_label": "25.0 mJ/cm²"
      },
      {
        "cd": 50.64511738603537,
        "defocus": 0.4,
        "dose": 25,
        "dose_label": "25.0 mJ/cm²"
      },
      {
        "cd": 50.13501784028685,
        "defocus": -0.4,
        "dose": 26,
        "dose_label": "26.0 mJ/cm²"
      },
      {
        "cd": 49.74732231673536,
        "defocus": -0.35,
        "dose": 26,
        "dose_label": "26.0 mJ/cm²"
      },
      {
        "cd": 49.2081586936791,
        "defocus": -0.3,
        "dose": 26,
        "dose_label": "26.0 mJ/cm²"
      },
      {
        "cd": 48.93537805160465,
        "defocus": -0.25,
        "dose": 26,
        "dose_label": "26.0 mJ/cm²"
      },
      {
        "cd": 47.6509010798413,
        "defocus": -0.2,
        "dose": 26,
        "dose_label": "26.0 mJ/cm²"
      },
      {
        "cd": 48.41555252123364,
        "defocus": -0.15,
        "dose": 26,
        "dose_label": "26.0 mJ/cm²"
      },
      {
        "cd": 48.61880639990103,
        "defocus": -0.0999999999999999,
        "dose": 26,
        "dose_label": "26.0 mJ/cm²"
      },
      {
        "cd": 48.17140284494618,
        "defocus": -0.0499999999999999,
        "dose": 26,
        "dose_label": "26.0 mJ/cm²"
      },
      {
        "cd": 47.96215679012301,
        "defocus": 0,
        "dose": 26,
        "dose_label": "26.0 mJ/cm²"
      },
      {
        "cd": 49.264357001340905,
        "defocus": 0.0499999999999999,
        "dose": 26,
        "dose_label": "26.0 mJ/cm²"
      },
      {
        "cd": 48.94672650371462,
        "defocus": 0.0999999999999999,
        "dose": 26,
        "dose_label": "26.0 mJ/cm²"
      },
      {
        "cd": 48.86295739862759,
        "defocus": 0.15,
        "dose": 26,
        "dose_label": "26.0 mJ/cm²"
      },
      {
        "cd": 49.443896440626965,
        "defocus": 0.2,
        "dose": 26,
        "dose_label": "26.0 mJ/cm²"
      },
      {
        "cd": 49.02582502142428,
        "defocus": 0.25,
        "dose": 26,
        "dose_label": "26.0 mJ/cm²"
      },
      {
        "cd": 49.88051613653611,
        "defocus": 0.3,
        "dose": 26,
        "dose_label": "26.0 mJ/cm²"
      },
      {
        "cd": 50.75109521948539,
        "defocus": 0.35,
        "dose": 26,
        "dose_label": "26.0 mJ/cm²"
      },
      {
        "cd": 51.619937486243366,
        "defocus": 0.4,
        "dose": 26,
        "dose_label": "26.0 mJ/cm²"
      }
    ],
    "cd_distribution": [
      {
        "cd_mid": 41.675,
        "cd_range": "41.4-41.9",
        "count": 4
      },
      {
        "cd_mid": 42.19,
        "cd_range": "41.9-42.4",
        "count": 5
      },
      {
        "cd_mid": 42.7,
        "cd_range": "42.4-43.0",
        "count": 8
      },
      {
        "cd_mid": 43.21,
        "cd_range": "43.0-43.5",
        "count": 9
      },
      {
        "cd_mid": 43.7195,
        "cd_range": "43.5-44.0",
        "count": 10
      },
      {
        "cd_mid": 44.229,
        "cd_range": "44.0-44.5",
        "count": 10
      },
      {
        "cd_mid": 44.739000000000004,
        "cd_range": "44.5-45.0",
        "count": 12
      },
      {
        "cd_mid": 45.2485,
        "cd_range": "45.0-45.5",
        "count": 12
      },
      {
        "cd_mid": 45.757999999999996,
        "cd_range": "45.5-46.0",
        "count": 9
      },
      {
        "cd_mid": 46.268,
        "cd_range": "46.0-46.5",
        "count": 11
      },
      {
        "cd_mid": 46.778000000000006,
        "cd_range": "46.5-47.0",
        "count": 10
      },
      {
        "cd_mid": 47.2875,
        "cd_range": "47.0-47.5",
        "count": 10
      },
      {
        "cd_mid": 47.797,
        "cd_range": "47.5-48.1",
        "count": 11
      },
      {
        "cd_mid": 48.307,
        "cd_range": "48.1-48.6",
        "count": 9
      },
      {
        "cd_mid": 48.8165,
        "cd_range": "48.6-49.1",
        "count": 9
      },
      {
        "cd_mid": 49.326,
        "cd_range": "49.1-49.6",
        "count": 6
      },
      {
        "cd_mid": 49.836,
        "cd_range": "49.6-50.1",
        "count": 4
      },
      {
        "cd_mid": 50.346000000000004,
        "cd_range": "50.1-50.6",
        "count": 1
      },
      {
        "cd_mid": 50.8555,
        "cd_range": "50.6-51.1",
        "count": 2
      },
      {
        "cd_mid": 51.364999999999995,
        "cd_range": "51.1-51.6",
        "count": 1
      }
    ],
    "cd_range": {
      "max": 51.619937486243366,
      "min": 41.42570672083277
    },
    "defocus_range": {
      "max": 0.4,
      "min": -0.4
    },
    "dose_range": {
      "max": 26,
      "min": 18
    },
    "dose_sensitivity": [
      {
        "cd": 43.62843705414989,
        "defocus": -0.4,
        "dose": 18
      },
      {
        "cd": 42.81336132668035,
        "defocus": -0.35,
        "dose": 18
      },
      {
        "cd": 43.065596900290856,
        "defocus": -0.3,
        "dose": 18
      },
      {
        "cd": 41.99896525279984,
        "defocus": -0.25,
        "dose": 18
      },
      {
        "cd": 42.67843179508122,
        "defocus": -0.2,
        "dose": 18
      },
      {
        "cd": 41.84035991146794,
        "defocus": -0.15,
        "dose": 18
      },
      {
        "cd": 41.945403687826136,
        "defocus": -0.0999999999999999,
        "dose": 18
      },
      {
        "cd": 41.89996723485961,
        "defocus": -0.0499999999999999,
        "dose": 18
      },
      {
        "cd": 41.42570672083277,
        "defocus": 0,
        "dose": 18
      },
      {
        "cd": 41.55163380637936,
        "defocus": 0.0499999999999999,
        "dose": 18
      },
      {
        "cd": 42.297318690624806,
        "defocus": 0.0999999999999999,
        "dose": 18
      },
      {
        "cd": 42.27981747570946,
        "defocus": 0.15,
        "dose": 18
      },
      {
        "cd": 42.73774637718735,
        "defocus": 0.2,
        "dose": 18
      },
      {
        "cd": 43.31104522360626,
        "defocus": 0.25,
        "dose": 18
      },
      {
        "cd": 44.04533140190766,
        "defocus": 0.3,
        "dose": 18
      },
      {
        "cd": 43.88602072694846,
        "defocus": 0.35,
        "dose": 18
      },
      {
        "cd": 45.09847428863846,
        "defocus": 0.4,
        "dose": 18
      },
      {
        "cd": 44.17254940157556,
        "defocus": -0.4,
        "dose": 19
      },
      {
        "cd": 43.9409485078784,
        "defocus": -0.35,
        "dose": 19
      },
      {
        "cd": 43.39035395608118,
        "defocus": -0.3,
        "dose": 19
      },
      {
        "cd": 43.39355336035384,
        "defocus": -0.25,
        "dose": 19
      },
      {
        "cd": 42.72723310165836,
        "defocus": -0.2,
        "dose": 19
      },
      {
        "cd": 43.08284934075661,
        "defocus": -0.15,
        "dose": 19
      },
      {
        "cd": 42.19956607055529,
        "defocus": -0.0999999999999999,
        "dose": 19
      },
      {
        "cd": 42.73334674236506,
        "defocus": -0.0499999999999999,
        "dose": 19
      },
      {
        "cd": 42.57979951024961,
        "defocus": 0,
        "dose": 19
      },
      {
        "cd": 42.83564440257069,
        "defocus": 0.0499999999999999,
        "dose": 19
      },
      {
        "cd": 43.11115196505854,
        "defocus": 0.0999999999999999,
        "dose": 19
      },
      {
        "cd": 43.262568033286094,
        "defocus": 0.15,
        "dose": 19
      },
      {
        "cd": 43.939683585348334,
        "defocus": 0.2,
        "dose": 19
      },
      {
        "cd": 44.18805546626672,
        "defocus": 0.25,
        "dose": 19
      },
      {
        "cd": 44.754890126259376,
        "defocus": 0.3,
        "dose": 19
      },
      {
        "cd": 45.26768696680264,
        "defocus": 0.35,
        "dose": 19
      },
      {
        "cd": 45.63580438322548,
        "defocus": 0.4,
        "dose": 19
      },
      {
        "cd": 44.696373468542646,
        "defocus": -0.4,
        "dose": 20
      },
      {
        "cd": 44.49233679318271,
        "defocus": -0.35,
        "dose": 20
      },
      {
        "cd": 44.31667411429409,
        "defocus": -0.3,
        "dose": 20
      },
      {
        "cd": 44.372865820374486,
        "defocus": -0.25,
        "dose": 20
      },
      {
        "cd": 43.75474264791964,
        "defocus": -0.2,
        "dose": 20
      },
      {
        "cd": 42.68857940714923,
        "defocus": -0.15,
        "dose": 20
      },
      {
        "cd": 43.24797184892433,
        "defocus": -0.0999999999999999,
        "dose": 20
      },
      {
        "cd": 43.321596292674265,
        "defocus": -0.0499999999999999,
        "dose": 20
      },
      {
        "cd": 43.81003017226772,
        "defocus": 0,
        "dose": 20
      },
      {
        "cd": 43.693666516791104,
        "defocus": 0.0499999999999999,
        "dose": 20
      },
      {
        "cd": 43.53739262972206,
        "defocus": 0.0999999999999999,
        "dose": 20
      },
      {
        "cd": 44.16416285442744,
        "defocus": 0.15,
        "dose": 20
      },
      {
        "cd": 44.42397099251597,
        "defocus": 0.2,
        "dose": 20
      },
      {
        "cd": 44.64091164606924,
        "defocus": 0.25,
        "dose": 20
      },
      {
        "cd": 45.44415581144862,
        "defocus": 0.3,
        "dose": 20
      },
      {
        "cd": 45.50914275321389,
        "defocus": 0.35,
        "dose": 20
      },
      {
        "cd": 46.16777594966782,
        "defocus": 0.4,
        "dose": 20
      },
      {
        "cd": 46.11322309513017,
        "defocus": -0.4,
        "dose": 21
      },
      {
        "cd": 45.698827164051536,
        "defocus": -0.35,
        "dose": 21
      },
      {
        "cd": 44.734517948668056,
        "defocus": -0.3,
        "dose": 21
      },
      {
        "cd": 44.36657768716119,
        "defocus": -0.25,
        "dose": 21
      },
      {
        "cd": 44.27907369916116,
        "defocus": -0.2,
        "dose": 21
      },
      {
        "cd": 43.96840021761849,
        "defocus": -0.15,
        "dose": 21
      },
      {
        "cd": 44.49182623182938,
        "defocus": -0.0999999999999999,
        "dose": 21
      },
      {
        "cd": 44.06292078801547,
        "defocus": -0.0499999999999999,
        "dose": 21
      },
      {
        "cd": 44.4953603364821,
        "defocus": 0,
        "dose": 21
      },
      {
        "cd": 43.837087165025984,
        "defocus": 0.0499999999999999,
        "dose": 21
      },
      {
        "cd": 44.71452434118973,
        "defocus": 0.0999999999999999,
        "dose": 21
      },
      {
        "cd": 44.72793496107074,
        "defocus": 0.15,
        "dose": 21
      },
      {
        "cd": 44.67311448935531,
        "defocus": 0.2,
        "dose": 21
      },
      {
        "cd": 45.26122855879348,
        "defocus": 0.25,
        "dose": 21
      },
      {
        "cd": 45.79255770411826,
        "defocus": 0.3,
        "dose": 21
      },
      {
        "cd": 46.74065886904199,
        "defocus": 0.35,
        "dose": 21
      },
      {
        "cd": 47.51976216257106,
        "defocus": 0.4,
        "dose": 21
      },
      {
        "cd": 46.92797373689637,
        "defocus": -0.4,
        "dose": 22
      },
      {
        "cd": 45.52635363649724,
        "defocus": -0.35,
        "dose": 22
      },
      {
        "cd": 45.74409983768854,
        "defocus": -0.3,
        "dose": 22
      },
      {
        "cd": 45.40491620345591,
        "defocus": -0.25,
        "dose": 22
      },
      {
        "cd": 45.1476568089191,
        "defocus": -0.2,
        "dose": 22
      },
      {
        "cd": 45.24426168327376,
        "defocus": -0.15,
        "dose": 22
      },
      {
        "cd": 44.97910603192581,
        "defocus": -0.0999999999999999,
        "dose": 22
      },
      {
        "cd": 45.12575414409285,
        "defocus": -0.0499999999999999,
        "dose": 22
      },
      {
        "cd": 44.71616464148165,
        "defocus": 0,
        "dose": 22
      },
      {
        "cd": 45.18415129858131,
        "defocus": 0.0499999999999999,
        "dose": 22
      },
      {
        "cd": 45.34365187547181,
        "defocus": 0.0999999999999999,
        "dose": 22
      },
      {
        "cd": 46.252147429012894,
        "defocus": 0.15,
        "dose": 22
      },
      {
        "cd": 45.77903407567823,
        "defocus": 0.2,
        "dose": 22
      },
      {
        "cd": 46.04950159179143,
        "defocus": 0.25,
        "dose": 22
      },
      {
        "cd": 47.07068393202012,
        "defocus": 0.3,
        "dose": 22
      },
      {
        "cd": 48.14740609703614,
        "defocus": 0.35,
        "dose": 22
      },
      {
        "cd": 48.46308770181904,
        "defocus": 0.4,
        "dose": 22
      },
      {
        "cd": 47.01382609269906,
        "defocus": -0.4,
        "dose": 23
      },
      {
        "cd": 46.81856928898927,
        "defocus": -0.35,
        "dose": 23
      },
      {
        "cd": 46.93256293721715,
        "defocus": -0.3,
        "dose": 23
      },
      {
        "cd": 46.33225191067003,
        "defocus": -0.25,
        "dose": 23
      },
      {
        "cd": 46.33822545333962,
        "defocus": -0.2,
        "dose": 23
      },
      {
        "cd": 45.49600557912411,
        "defocus": -0.15,
        "dose": 23
      },
      {
        "cd": 45.63353932705091,
        "defocus": -0.0999999999999999,
        "dose": 23
      },
      {
        "cd": 45.430053322110695,
        "defocus": -0.0499999999999999,
        "dose": 23
      },
      {
        "cd": 45.74545677539326,
        "defocus": 0,
        "dose": 23
      },
      {
        "cd": 46.07171706051928,
        "defocus": 0.0499999999999999,
        "dose": 23
      },
      {
        "cd": 46.32357374559154,
        "defocus": 0.0999999999999999,
        "dose": 23
      },
      {
        "cd": 46.13805192036128,
        "defocus": 0.15,
        "dose": 23
      },
      {
        "cd": 46.70044302065735,
        "defocus": 0.2,
        "dose": 23
      },
      {
        "cd": 47.19547181738484,
        "defocus": 0.25,
        "dose": 23
      },
      {
        "cd": 48.234709297950666,
        "defocus": 0.3,
        "dose": 23
      },
      {
        "cd": 48.869398718702286,
        "defocus": 0.35,
        "dose": 23
      },
      {
        "cd": 49.12691788374457,
        "defocus": 0.4,
        "dose": 23
      },
      {
        "cd": 48.09618474616727,
        "defocus": -0.4,
        "dose": 24
      },
      {
        "cd": 47.64046765657048,
        "defocus": -0.35,
        "dose": 24
      },
      {
        "cd": 47.43910299227904,
        "defocus": -0.3,
        "dose": 24
      },
      {
        "cd": 47.09430496701784,
        "defocus": -0.25,
        "dose": 24
      },
      {
        "cd": 47.45236308080616,
        "defocus": -0.2,
        "dose": 24
      },
      {
        "cd": 47.161279100662384,
        "defocus": -0.15,
        "dose": 24
      },
      {
        "cd": 46.4223984665384,
        "defocus": -0.0999999999999999,
        "dose": 24
      },
      {
        "cd": 46.60974737793179,
        "defocus": -0.0499999999999999,
        "dose": 24
      },
      {
        "cd": 46.05216502895866,
        "defocus": 0,
        "dose": 24
      },
      {
        "cd": 46.59524617571165,
        "defocus": 0.0499999999999999,
        "dose": 24
      },
      {
        "cd": 46.73911814550273,
        "defocus": 0.0999999999999999,
        "dose": 24
      },
      {
        "cd": 47.75996898961337,
        "defocus": 0.15,
        "dose": 24
      },
      {
        "cd": 47.68616697150542,
        "defocus": 0.2,
        "dose": 24
      },
      {
        "cd": 47.77246513685712,
        "defocus": 0.25,
        "dose": 24
      },
      {
        "cd": 48.43593060110229,
        "defocus": 0.3,
        "dose": 24
      },
      {
        "cd": 48.93123376807514,
        "defocus": 0.35,
        "dose": 24
      },
      {
        "cd": 49.58877349331716,
        "defocus": 0.4,
        "dose": 24
      },
      {
        "cd": 49.076955968599975,
        "defocus": -0.4,
        "dose": 25
      },
      {
        "cd": 49.03667313012148,
        "defocus": -0.35,
        "dose": 25
      },
      {
        "cd": 48.03260129946816,
        "defocus": -0.3,
        "dose": 25
      },
      {
        "cd": 47.56697398947185,
        "defocus": -0.25,
        "dose": 25
      },
      {
        "cd": 47.70393806428524,
        "defocus": -0.2,
        "dose": 25
      },
      {
        "cd": 47.77925106176952,
        "defocus": -0.15,
        "dose": 25
      },
      {
        "cd": 47.47204369030392,
        "defocus": -0.0999999999999999,
        "dose": 25
      },
      {
        "cd": 46.96261270888368,
        "defocus": -0.0499999999999999,
        "dose": 25
      },
      {
        "cd": 47.3415887379321,
        "defocus": 0,
        "dose": 25
      },
      {
        "cd": 47.379044343646335,
        "defocus": 0.0499999999999999,
        "dose": 25
      },
      {
        "cd": 48.0386569770823,
        "defocus": 0.0999999999999999,
        "dose": 25
      },
      {
        "cd": 48.13452116436918,
        "defocus": 0.15,
        "dose": 25
      },
      {
        "cd": 48.51604352586174,
        "defocus": 0.2,
        "dose": 25
      },
      {
        "cd": 48.99539730848527,
        "defocus": 0.25,
        "dose": 25
      },
      {
        "cd": 49.59061769283352,
        "defocus": 0.3,
        "dose": 25
      },
      {
        "cd": 49.5098427942546,
        "defocus": 0.35,
        "dose": 25
      },
      {
        "cd": 50.64511738603537,
        "defocus": 0.4,
        "dose": 25
      },
      {
        "cd": 50.13501784028685,
        "defocus": -0.4,
        "dose": 26
      },
      {
        "cd": 49.74732231673536,
        "defocus": -0.35,
        "dose": 26
      },
      {
        "cd": 49.2081586936791,
        "defocus": -0.3,
        "dose": 26
      },
      {
        "cd": 48.93537805160465,
        "defocus": -0.25,
        "dose": 26
      },
      {
        "cd": 47.6509010798413,
        "defocus": -0.2,
        "dose": 26
      },
      {
        "cd": 48.41555252123364,
        "defocus": -0.15,
        "dose": 26
      },
      {
        "cd": 48.61880639990103,
        "defocus": -0.0999999999999999,
        "dose": 26
      },
      {
        "cd": 48.17140284494618,
        "defocus": -0.0499999999999999,
        "dose": 26
      },
      {
        "cd": 47.96215679012301,
        "defocus": 0,
        "dose": 26
      },
      {
        "cd": 49.264357001340905,
        "defocus": 0.0499999999999999,
        "dose": 26
      },
      {
        "cd": 48.94672650371462,
        "defocus": 0.0999999999999999,
        "dose": 26
      },
      {
        "cd": 48.86295739862759,
        "defocus": 0.15,
        "dose": 26
      },
      {
        "cd": 49.443896440626965,
        "defocus": 0.2,
        "dose": 26
      },
      {
        "cd": 49.02582502142428,
        "defocus": 0.25,
        "dose": 26
      },
      {
        "cd": 49.88051613653611,
        "defocus": 0.3,
        "dose": 26
      },
      {
        "cd": 50.75109521948539,
        "defocus": 0.35,
        "dose": 26
      },
      {
        "cd": 51.619937486243366,
        "defocus": 0.4,
        "dose": 26
      }
    ],
    "doses": [
      {
        "dose": 18,
        "label": "18.0 mJ/cm²"
      },
      {
        "dose": 19,
        "label": "19.0 mJ/cm²"
      },
      {
        "dose": 20,
        "label": "20.0 mJ/cm²"
      },
      {
        "dose": 21,
        "label": "21.0 mJ/cm²"
      },
      {
        "dose": 22,
        "label": "22.0 mJ/cm²"
      },
      {
        "dose": 23,
        "label": "23.0 mJ/cm²"
      },
      {
        "dose": 24,
        "label": "24.0 mJ/cm²"
      },
      {
        "dose": 25,
        "label": "25.0 mJ/cm²"
      },
      {
        "dose": 26,
        "label": "26.0 mJ/cm²"
      }
    ],
    "process_window": [
      {
        "cd": 43.62843705414989,
        "defocus": -0.4,
        "dose": 18
      },
      {
        "cd": 42.81336132668035,
        "defocus": -0.35,
        "dose": 18
      },
      {
        "cd": 43.065596900290856,
        "defocus": -0.3,
        "dose": 18
      },
      {
        "cd": 41.99896525279984,
        "defocus": -0.25,
        "dose": 18
      },
      {
        "cd": 42.67843179508122,
        "defocus": -0.2,
        "dose": 18
      },
      {
        "cd": 41.84035991146794,
        "defocus": -0.15,
        "dose": 18
      },
      {
        "cd": 41.945403687826136,
        "defocus": -0.0999999999999999,
        "dose": 18
      },
      {
        "cd": 41.89996723485961,
        "defocus": -0.0499999999999999,
        "dose": 18
      },
      {
        "cd": 41.42570672083277,
        "defocus": 0,
        "dose": 18
      },
      {
        "cd": 41.55163380637936,
        "defocus": 0.0499999999999999,
        "dose": 18
      },
      {
        "cd": 42.297318690624806,
        "defocus": 0.0999999999999999,
        "dose": 18
      },
      {
        "cd": 42.27981747570946,
        "defocus": 0.15,
        "dose": 18
      },
      {
        "cd": 42.73774637718735,
        "defocus": 0.2,
        "dose": 18
      },
      {
        "cd": 43.31104522360626,
        "defocus": 0.25,
        "dose": 18
      },
      {
        "cd": 44.04533140190766,
        "defocus": 0.3,
        "dose": 18
      },
      {
        "cd": 43.88602072694846,
        "defocus": 0.35,
        "dose": 18
      },
      {
        "cd": 45.09847428863846,
        "defocus": 0.4,
        "dose": 18
      },
      {
        "cd": 44.17254940157556,
        "defocus": -0.4,
        "dose": 19
      },
      {
        "cd": 43.9409485078784,
        "defocus": -0.35,
        "dose": 19
      },
      {
        "cd": 43.39035395608118,
        "defocus": -0.3,
        "dose": 19
      },
      {
        "cd": 43.39355336035384,
        "defocus": -0.25,
        "dose": 19
      },
      {
        "cd": 42.72723310165836,
        "defocus": -0.2,
        "dose": 19
      },
      {
        "cd": 43.08284934075661,
        "defocus": -0.15,
        "dose": 19
      },
      {
        "cd": 42.19956607055529,
        "defocus": -0.0999999999999999,
        "dose": 19
      },
      {
        "cd": 42.73334674236506,
        "defocus": -0.0499999999999999,
        "dose": 19
      },
      {
        "cd": 42.57979951024961,
        "defocus": 0,
        "dose": 19
      },
      {
        "cd": 42.83564440257069,
        "defocus": 0.0499999999999999,
        "dose": 19
      },
      {
        "cd": 43.11115196505854,
        "defocus": 0.0999999999999999,
        "dose": 19
      },
      {
        "cd": 43.262568033286094,
        "defocus": 0.15,
        "dose": 19
      },
      {
        "cd": 43.939683585348334,
        "defocus": 0.2,
        "dose": 19
      },
      {
        "cd": 44.18805546626672,
        "defocus": 0.25,
        "dose": 19
      },
      {
        "cd": 44.754890126259376,
        "defocus": 0.3,
        "dose": 19
      },
      {
        "cd": 45.26768696680264,
        "defocus": 0.35,
        "dose": 19
      },
      {
        "cd": 45.63580438322548,
        "defocus": 0.4,
        "dose": 19
      },
      {
        "cd": 44.696373468542646,
        "defocus": -0.4,
        "dose": 20
      },
      {
        "cd": 44.49233679318271,
        "defocus": -0.35,
        "dose": 20
      },
      {
        "cd": 44.31667411429409,
        "defocus": -0.3,
        "dose": 20
      },
      {
        "cd": 44.372865820374486,
        "defocus": -0.25,
        "dose": 20
      },
      {
        "cd": 43.75474264791964,
        "defocus": -0.2,
        "dose": 20
      },
      {
        "cd": 42.68857940714923,
        "defocus": -0.15,
        "dose": 20
      },
      {
        "cd": 43.24797184892433,
        "defocus": -0.0999999999999999,
        "dose": 20
      },
      {
        "cd": 43.321596292674265,
        "defocus": -0.0499999999999999,
        "dose": 20
      },
      {
        "cd": 43.81003017226772,
        "defocus": 0,
        "dose": 20
      },
      {
        "cd": 43.693666516791104,
        "defocus": 0.0499999999999999,
        "dose": 20
      },
      {
        "cd": 43.53739262972206,
        "defocus": 0.0999999999999999,
        "dose": 20
      },
      {
        "cd": 44.16416285442744,
        "defocus": 0.15,
        "dose": 20
      },
      {
        "cd": 44.42397099251597,
        "defocus": 0.2,
        "dose": 20
      },
      {
        "cd": 44.64091164606924,
        "defocus": 0.25,
        "dose": 20
      },
      {
        "cd": 45.44415581144862,
        "defocus": 0.3,
        "dose": 20
      },
      {
        "cd": 45.50914275321389,
        "defocus": 0.35,
        "dose": 20
      },
      {
        "cd": 46.16777594966782,
        "defocus": 0.4,
        "dose": 20
      },
      {
        "cd": 46.11322309513017,
        "defocus": -0.4,
        "dose": 21
      },
      {
        "cd": 45.698827164051536,
        "defocus": -0.35,
        "dose": 21
      },
      {
        "cd": 44.734517948668056,
        "defocus": -0.3,
        "dose": 21
      },
      {
        "cd": 44.36657768716119,
        "defocus": -0.25,
        "dose": 21
      },
      {
        "cd": 44.27907369916116,
        "defocus": -0.2,
        "dose": 21
      },
      {
        "cd": 43.96840021761849,
        "defocus": -0.15,
        "dose": 21
      },
      {
        "cd": 44.49182623182938,
        "defocus": -0.0999999999999999,
        "dose": 21
      },
      {
        "cd": 44.06292078801547,
        "defocus": -0.0499999999999999,
        "dose": 21
      },
      {
        "cd": 44.4953603364821,
        "defocus": 0,
        "dose": 21
      },
      {
        "cd": 43.837087165025984,
        "defocus": 0.0499999999999999,
        "dose": 21
      },
      {
        "cd": 44.71452434118973,
        "defocus": 0.0999999999999999,
        "dose": 21
      },
      {
        "cd": 44.72793496107074,
        "defocus": 0.15,
        "dose": 21
      },
      {
        "cd": 44.67311448935531,
        "defocus": 0.2,
        "dose": 21
      },
      {
        "cd": 45.26122855879348,
        "defocus": 0.25,
        "dose": 21
      },
      {
        "cd": 45.79255770411826,
        "defocus": 0.3,
        "dose": 21
      },
      {
        "cd": 46.74065886904199,
        "defocus": 0.35,
        "dose": 21
      },
      {
        "cd": 47.51976216257106,
        "defocus": 0.4,
        "dose": 21
      },
      {
        "cd": 46.92797373689637,
        "defocus": -0.4,
        "dose": 22
      },
      {
        "cd": 45.52635363649724,
        "defocus": -0.35,
        "dose": 22
      },
      {
        "cd": 45.74409983768854,
        "defocus": -0.3,
        "dose": 22
      },
      {
        "cd": 45.40491620345591,
        "defocus": -0.25,
        "dose": 22
      },
      {
        "cd": 45.1476568089191,
        "defocus": -0.2,
        "dose": 22
      },
      {
        "cd": 45.24426168327376,
        "defocus": -0.15,
        "dose": 22
      },
      {
        "cd": 44.97910603192581,
        "defocus": -0.0999999999999999,
        "dose": 22
      },
      {
        "cd": 45.12575414409285,
        "defocus": -0.0499999999999999,
        "dose": 22
      },
      {
        "cd": 44.71616464148165,
        "defocus": 0,
        "dose": 22
      },
      {
        "cd": 45.18415129858131,
        "defocus": 0.0499999999999999,
        "dose": 22
      },
      {
        "cd": 45.34365187547181,
        "defocus": 0.0999999999999999,
        "dose": 22
      },
      {
        "cd": 46.252147429012894,
        "defocus": 0.15,
        "dose": 22
      },
      {
        "cd": 45.77903407567823,
        "defocus": 0.2,
        "dose": 22
      },
      {
        "cd": 46.04950159179143,
        "defocus": 0.25,
        "dose": 22
      },
      {
        "cd": 47.07068393202012,
        "defocus": 0.3,
        "dose": 22
      },
      {
        "cd": 48.14740609703614,
        "defocus": 0.35,
        "dose": 22
      },
      {
        "cd": 48.46308770181904,
        "defocus": 0.4,
        "dose": 22
      },
      {
        "cd": 47.01382609269906,
        "defocus": -0.4,
        "dose": 23
      },
      {
        "cd": 46.81856928898927,
        "defocus": -0.35,
        "dose": 23
      },
      {
        "cd": 46.93256293721715,
        "defocus": -0.3,
        "dose": 23
      },
      {
        "cd": 46.33225191067003,
        "defocus": -0.25,
        "dose": 23
      },
      {
        "cd": 46.33822545333962,
        "defocus": -0.2,
        "dose": 23
      },
      {
        "cd": 45.49600557912411,
        "defocus": -0.15,
        "dose": 23
      },
      {
        "cd": 45.63353932705091,
        "defocus": -0.0999999999999999,
        "dose": 23
      },
      {
        "cd": 45.430053322110695,
        "defocus": -0.0499999999999999,
        "dose": 23
      },
      {
        "cd": 45.74545677539326,
        "defocus": 0,
        "dose": 23
      },
      {
        "cd": 46.07171706051928,
        "defocus": 0.0499999999999999,
        "dose": 23
      },
      {
        "cd": 46.32357374559154,
        "defocus": 0.0999999999999999,
        "dose": 23
      },
      {
        "cd": 46.13805192036128,
        "defocus": 0.15,
        "dose": 23
      },
      {
        "cd": 46.70044302065735,
        "defocus": 0.2,
        "dose": 23
      },
      {
        "cd": 47.19547181738484,
        "defocus": 0.25,
        "dose": 23
      },
      {
        "cd": 48.234709297950666,
        "defocus": 0.3,
        "dose": 23
      },
      {
        "cd": 48.869398718702286,
        "defocus": 0.35,
        "dose": 23
      },
      {
        "cd": 49.12691788374457,
        "defocus": 0.4,
        "dose": 23
      },
      {
        "cd": 48.09618474616727,
        "defocus": -0.4,
        "dose": 24
      },
      {
        "cd": 47.64046765657048,
        "defocus": -0.35,
        "dose": 24
      },
      {
        "cd": 47.43910299227904,
        "defocus": -0.3,
        "dose": 24
      },
      {
        "cd": 47.09430496701784,
        "defocus": -0.25,
        "dose": 24
      },
      {
        "cd": 47.45236308080616,
        "defocus": -0.2,
        "dose": 24
      },
      {
        "cd": 47.161279100662384,
        "defocus": -0.15,
        "dose": 24
      },
      {
        "cd": 46.4223984665384,
        "defocus": -0.0999999999999999,
        "dose": 24
      },
      {
        "cd": 46.60974737793179,
        "defocus": -0.0499999999999999,
        "dose": 24
      },
      {
        "cd": 46.05216502895866,
        "defocus": 0,
        "dose": 24
      },
      {
        "cd": 46.59524617571165,
        "defocus": 0.0499999999999999,
        "dose": 24
      },
      {
        "cd": 46.73911814550273,
        "defocus": 0.0999999999999999,
        "dose": 24
      },
      {
        "cd": 47.75996898961337,
        "defocus": 0.15,
        "dose": 24
      },
      {
        "cd": 47.68616697150542,
        "defocus": 0.2,
        "dose": 24
      },
      {
        "cd": 47.77246513685712,
        "defocus": 0.25,
        "dose": 24
      },
      {
        "cd": 48.43593060110229,
        "defocus": 0.3,
        "dose": 24
      },
      {
        "cd": 48.93123376807514,
        "defocus": 0.35,
        "dose": 24
      },
      {
        "cd": 49.58877349331716,
        "defocus": 0.4,
        "dose": 24
      },
      {
        "cd": 49.076955968599975,
        "defocus": -0.4,
        "dose": 25
      },
      {
        "cd": 49.03667313012148,
        "defocus": -0.35,
        "dose": 25
      },
      {
        "cd": 48.03260129946816,
        "defocus": -0.3,
        "dose": 25
      },
      {
        "cd": 47.56697398947185,
        "defocus": -0.25,
        "dose": 25
      },
      {
        "cd": 47.70393806428524,
        "defocus": -0.2,
        "dose": 25
      },
      {
        "cd": 47.77925106176952,
        "defocus": -0.15,
        "dose": 25
      },
      {
        "cd": 47.47204369030392,
        "defocus": -0.0999999999999999,
        "dose": 25
      },
      {
        "cd": 46.96261270888368,
        "defocus": -0.0499999999999999,
        "dose": 25
      },
      {
        "cd": 47.3415887379321,
        "defocus": 0,
        "dose": 25
      },
      {
        "cd": 47.379044343646335,
        "defocus": 0.0499999999999999,
        "dose": 25
      },
      {
        "cd": 48.0386569770823,
        "defocus": 0.0999999999999999,
        "dose": 25
      },
      {
        "cd": 48.13452116436918,
        "defocus": 0.15,
        "dose": 25
      },
      {
        "cd": 48.51604352586174,
        "defocus": 0.2,
        "dose": 25
      },
      {
        "cd": 48.99539730848527,
        "defocus": 0.25,
        "dose": 25
      },
      {
        "cd": 49.59061769283352,
        "defocus": 0.3,
        "dose": 25
      },
      {
        "cd": 49.5098427942546,
        "defocus": 0.35,
        "dose": 25
      },
      {
        "cd": 50.64511738603537,
        "defocus": 0.4,
        "dose": 25
      },
      {
        "cd": 50.13501784028685,
        "defocus": -0.4,
        "dose": 26
      },
      {
        "cd": 49.74732231673536,
        "defocus": -0.35,
        "dose": 26
      },
      {
        "cd": 49.2081586936791,
        "defocus": -0.3,
        "dose": 26
      },
      {
        "cd": 48.93537805160465,
        "defocus": -0.25,
        "dose": 26
      },
      {
        "cd": 47.6509010798413,
        "defocus": -0.2,
        "dose": 26
      },
      {
        "cd": 48.41555252123364,
        "defocus": -0.15,
        "dose": 26
      },
      {
        "cd": 48.61880639990103,
        "defocus": -0.0999999999999999,
        "dose": 26
      },
      {
        "cd": 48.17140284494618,
        "defocus": -0.0499999999999999,
        "dose": 26
      },
      {
        "cd": 47.96215679012301,
        "defocus": 0,
        "dose": 26
      },
      {
        "cd": 49.264357001340905,
        "defocus": 0.0499999999999999,
        "dose": 26
      },
      {
        "cd": 48.94672650371462,
        "defocus": 0.0999999999999999,
        "dose": 26
      },
      {
        "cd": 48.86295739862759,
        "defocus": 0.15,
        "dose": 26
      },
      {
        "cd": 49.443896440626965,
        "defocus": 0.2,
        "dose": 26
      },
      {
        "cd": 49.02582502142428,
        "defocus": 0.25,
        "dose": 26
      },
      {
        "cd": 49.88051613653611,
        "defocus": 0.3,
        "dose": 26
      },
      {
        "cd": 50.75109521948539,
        "defocus": 0.35,
        "dose": 26
      },
      {
        "cd": 51.619937486243366,
        "defocus": 0.4,
        "dose": 26
      }
    ],
    "target_lines": {
      "lower_limit": 40.5,
      "target_cd": 45,
      "upper_limit": 49.5
    }
  }
}